id,branch_id:id
dym_branch_config_dsr,branch_dsr
dym_branch_config_djj,branch_djj
dym_branch_config_djb,branch_djb
dym_branch_config_djs,branch_djs
dym_branch_config_djm,branch_djm
dym_branch_config_dju,branch_dju
dym_branch_config_dsm,branch_dsm
dym_branch_config_dsg,branch_dsg
dym_branch_config_dsb,branch_dsb
dym_branch_config_dsp,branch_dsp
dym_branch_config_dsk,branch_dsk
dym_branch_config_dup,branch_dup
dym_branch_config_duk,branch_duk
dym_branch_config_dle,branch_dle
dym_branch_config_dlp,branch_dlp
dym_branch_config_dlm,branch_dlm
dym_branch_config_dlh,branch_dlh
dym_branch_config_dlx,branch_dlx
dym_branch_config_dll,branch_dll
dym_branch_config_dld,branch_dld
dym_branch_config_dlf,branch_dlf
dym_branch_config_dlv,branch_dlv
dym_branch_config_dlq,branch_dlq
dym_branch_config_dlc,branch_dlc
dym_branch_config_dly,branch_dly
dym_branch_config_dlw,branch_dlw
dym_branch_config_dlu,branch_dlu
dym_branch_config_dlt,branch_dlt
dym_branch_config_dls,branch_dls
dym_branch_config_dlo,branch_dlo
dym_branch_config_dln,branch_dln
dym_branch_config_dlk,branch_dlk
dym_branch_config_dlj,branch_dlj
dym_branch_config_dli,branch_dli
dym_branch_config_dlg,branch_dlg
dym_branch_config_dlb,branch_dlb
dym_branch_config_dla,branch_dla
dym_branch_config_dlr,branch_dlr
dym_branch_config_hho,branch_hho
dym_branch_config_mml,branch_mml
dym_branch_config_dbl,branch_dbl
dym_branch_config_dbk,branch_dbk
dym_branch_config_dbb,branch_dbb
dym_branch_config_dbs,branch_dbs
dym_branch_config_dbt,branch_dbt
dym_branch_config_dds,branch_dds
dym_branch_config_ddc,branch_ddc
dym_branch_config_ddb,branch_ddb
dym_branch_config_dda,branch_dda
dym_branch_config_ddd,branch_ddd
dym_branch_config_dde,branch_dde
dym_branch_config_ddg,branch_ddg
dym_branch_config_ddm,branch_ddm
dym_branch_config_ddj,branch_ddj
dym_branch_config_ddt,branch_ddt
dym_branch_config_ddi,branch_ddi
dym_branch_config_dxk,branch_dxk
dym_branch_config_dxt,branch_dxt
dym_branch_config_dxs,branch_dxs
dym_branch_config_dxg,branch_dxg
dym_branch_config_dxb,branch_dxb
dym_branch_config_dxn,branch_dxn
dym_branch_config_dwt,branch_dwt
dym_branch_config_dwr,branch_dwr
dym_branch_config_dwp,branch_dwp
dym_branch_config_dwo,branch_dwo
dym_branch_config_dwk,branch_dwk
dym_branch_config_dws,branch_dws
dym_branch_config_dwg,branch_dwg
dym_branch_config_dwm,branch_dwm
dym_branch_config_dwn,branch_dwn
dym_branch_config_ddu,branch_ddu
